Date,Difficulty,Enemy,Win/Lose
07/15/2025 21:53,9,Bots,Win
07/14/2025 00:27,10,Squids,Lose
07/13/2025 15:36,7,Bugs,Win
07/12/2025 01:07,8,Bots,Lose
07/11/2025 18:15,6,Squids,Win
07/10/2025 00:31,9,Bugs,Lose
07/09/2025 18:28,10,Bots,Win
07/08/2025 12:31,5,Squids,Lose
07/07/2025 11:38,8,Bugs,Win
07/06/2025 13:54,7,Bots,Win
07/05/2025 10:02,6,Squids,Lose
07/04/2025 13:09,9,Bugs,Win

07/16/2025 17:05,7,Bots,Win
07/16/2025 17:06,9,Bugs,Lose
07/16/2025 17:06,10,Squids,Lose
07/17/2025 10:31,8,Bugs,Win
07/17/2025 10:32,8,Squids,Lose
07/17/2025 10:42,8,Squids,Win
07/17/2025 10:59,9,Bugs,Lose
07/17/2025 11:03,8,Bots,Win
